Title,Author,Price
I Want To Die But I Want To Eat Tteokbokki,Baek Sehee,₹399
Acts of God,Kanan Gill,₹339
Ikigai,Hector Garcia,₹467
Disney Monsters University Classic Storybook,Parragon Books Ltd,₹249
Atomic Habits: The Life-Changing Million Copy Bestseller,James Clear,₹679
The Psychology Of Money,NA,₹339
The Palace Of Illusions,Chitra Divakaruni Banerjee,₹424
Rich Dad Poor Dad,Robert T. Kiyosaki,₹509
Desire 100 Of Literatures Sexiest Stories,NA,₹647
Energize Your Mind,Gaur Gopal Das,₹299
Gita Wisdom Through Quotes,Chaitanya Charan,₹296
The Silent Patient: Crossword Special Edition,Alex Michaelides,₹599
The Simple Wild (The Simple Wild Book 1),K.A. Tucker,₹550
The Alchemist,Paulo Coelho,₹339
Mahagatha: 100 Tales from the Puranas,Satyarth Nayak,₹509
Balidan: Stories Of Indian'S Greatest Para Special Forces Operatives,Swapnil Pandey,₹299
Life's Amazing Secrets,Gaur Gopal Das,₹299
Alchemist (Hindi),Paulo Coelho,₹350
The Kite Runner,Khaled Hosseini,₹509
The 48 Laws Of Power,Robert Greene,₹849
The Silent Patient,NA,₹339
Disney Princess The Little Mermaid: Ariel Makes Waves,Walt Disney,₹295
Betty Jumbo Comics The Archie Library 1,Inc Archie Comic Publications,₹647
"Here, There and Everywhere","Murty, Sudha",₹212
